Timestamp,Total_Cars,Grid_Density
Fri Apr  3 19:39:49 2026,8,8.0
Fri Apr  3 19:39:49 2026,16,8.0
Fri Apr  3 19:39:49 2026,24,8.0
Fri Apr  3 19:39:49 2026,32,8.0
Fri Apr  3 19:39:49 2026,40,8.0
Fri Apr  3 19:39:49 2026,49,9.0
Fri Apr  3 19:39:49 2026,59,10.0
Fri Apr  3 19:39:49 2026,69,10.0
Fri Apr  3 19:39:50 2026,79,10.0
Fri Apr  3 19:39:50 2026,89,10.0
Fri Apr  3 19:39:50 2026,99,10.0
Fri Apr  3 19:39:50 2026,107,8.0
Fri Apr  3 19:39:50 2026,116,9.0
Fri Apr  3 19:39:50 2026,125,9.0
Fri Apr  3 19:39:50 2026,135,10.0
Fri Apr  3 19:39:50 2026,146,11.0
Fri Apr  3 19:39:50 2026,157,11.0
Fri Apr  3 19:39:50 2026,165,8.0
Fri Apr  3 19:39:50 2026,174,9.0
Fri Apr  3 19:39:50 2026,184,10.0
Fri Apr  3 19:39:50 2026,192,8.0
Fri Apr  3 19:39:51 2026,200,8.0
Fri Apr  3 19:39:51 2026,208,8.0
Fri Apr  3 19:39:51 2026,217,9.0
Fri Apr  3 19:39:51 2026,226,9.0
Fri Apr  3 19:39:51 2026,234,8.0
Fri Apr  3 19:39:51 2026,242,8.0
Fri Apr  3 19:39:51 2026,250,8.0
Fri Apr  3 19:39:51 2026,258,8.0
Fri Apr  3 19:39:51 2026,267,9.0
Fri Apr  3 19:39:51 2026,274,7.0
Fri Apr  3 19:39:51 2026,280,6.0
Fri Apr  3 19:39:51 2026,286,6.0
Fri Apr  3 19:39:51 2026,293,7.0
Fri Apr  3 19:39:51 2026,300,7.0
Fri Apr  3 19:39:52 2026,306,6.0
Fri Apr  3 19:39:52 2026,315,9.0
Fri Apr  3 19:39:52 2026,324,9.0
Fri Apr  3 19:39:52 2026,332,8.0
Fri Apr  3 19:39:52 2026,341,9.0
Fri Apr  3 19:39:52 2026,350,9.0
Fri Apr  3 19:39:52 2026,359,9.0
Fri Apr  3 19:39:52 2026,368,9.0
Fri Apr  3 19:39:52 2026,377,9.0
Fri Apr  3 19:39:52 2026,386,9.0
Fri Apr  3 19:39:52 2026,395,9.0
Fri Apr  3 19:39:52 2026,404,9.0
Fri Apr  3 19:39:52 2026,413,9.0
Fri Apr  3 19:39:53 2026,422,9.0
Fri Apr  3 19:39:53 2026,431,9.0
Fri Apr  3 19:39:53 2026,440,9.0
Fri Apr  3 19:39:53 2026,448,8.0
Fri Apr  3 19:39:53 2026,456,8.0
Fri Apr  3 19:39:53 2026,463,7.0
Fri Apr  3 19:39:53 2026,470,7.0
Fri Apr  3 19:39:53 2026,477,7.0
Fri Apr  3 19:39:53 2026,484,7.0
Fri Apr  3 19:39:53 2026,491,7.0
Fri Apr  3 19:39:53 2026,498,7.0
Fri Apr  3 19:39:53 2026,504,6.0
Fri Apr  3 19:39:53 2026,511,7.0
Fri Apr  3 19:39:53 2026,519,8.0
Fri Apr  3 19:39:54 2026,527,8.0
Fri Apr  3 19:39:54 2026,535,8.0
Fri Apr  3 19:39:54 2026,543,8.0
Fri Apr  3 19:39:54 2026,550,7.0
Fri Apr  3 19:39:54 2026,557,7.0
Fri Apr  3 19:39:54 2026,567,10.0
Fri Apr  3 19:39:54 2026,576,9.0
Fri Apr  3 19:39:54 2026,586,10.0
Fri Apr  3 19:39:54 2026,595,9.0
Fri Apr  3 19:39:54 2026,605,10.0
Fri Apr  3 19:39:54 2026,614,9.0
Fri Apr  3 19:39:54 2026,623,9.0
Fri Apr  3 19:39:54 2026,632,9.0
Fri Apr  3 19:39:54 2026,641,9.0
Fri Apr  3 19:39:55 2026,650,9.0
Fri Apr  3 19:39:55 2026,659,9.0
Fri Apr  3 19:39:55 2026,668,9.0
Fri Apr  3 19:39:55 2026,677,9.0
Fri Apr  3 19:39:55 2026,686,9.0
Fri Apr  3 19:39:55 2026,695,9.0
Fri Apr  3 19:39:55 2026,704,9.0
Fri Apr  3 19:39:55 2026,713,9.0
Fri Apr  3 19:39:55 2026,722,9.0
Fri Apr  3 19:39:55 2026,731,9.0
Fri Apr  3 19:39:55 2026,740,9.0
Fri Apr  3 19:39:55 2026,749,9.0
Fri Apr  3 19:39:55 2026,758,9.0
Fri Apr  3 19:39:55 2026,767,9.0
Fri Apr  3 19:39:56 2026,776,9.0
Fri Apr  3 19:39:56 2026,785,9.0
Fri Apr  3 19:39:56 2026,794,9.0
Fri Apr  3 19:39:56 2026,802,8.0
Fri Apr  3 19:39:56 2026,810,8.0
Fri Apr  3 19:39:56 2026,819,9.0
Fri Apr  3 19:39:56 2026,827,8.0
Fri Apr  3 19:39:56 2026,837,10.0
Fri Apr  3 19:39:56 2026,846,9.0
Fri Apr  3 19:39:56 2026,855,9.0
Fri Apr  3 19:39:56 2026,865,10.0
Fri Apr  3 19:39:56 2026,875,10.0
Fri Apr  3 19:39:56 2026,885,10.0
Fri Apr  3 19:39:57 2026,895,10.0
Fri Apr  3 19:39:57 2026,904,9.0
Fri Apr  3 19:39:57 2026,913,9.0
Fri Apr  3 19:39:57 2026,920,7.0
Fri Apr  3 19:39:57 2026,927,7.0
Fri Apr  3 19:39:57 2026,935,8.0
Fri Apr  3 19:39:57 2026,942,7.0
Fri Apr  3 19:39:57 2026,950,8.0
Fri Apr  3 19:39:57 2026,958,8.0
Fri Apr  3 19:39:57 2026,966,8.0
Fri Apr  3 19:39:57 2026,974,8.0
Fri Apr  3 19:39:57 2026,982,8.0
Fri Apr  3 19:39:57 2026,990,8.0
Fri Apr  3 19:39:57 2026,998,8.0
Fri Apr  3 19:39:58 2026,1005,7.0
Fri Apr  3 19:39:58 2026,1013,8.0
Fri Apr  3 19:39:58 2026,1020,7.0
Fri Apr  3 19:39:58 2026,1027,7.0
Fri Apr  3 19:39:58 2026,1034,7.0
Fri Apr  3 19:39:58 2026,1041,7.0
Fri Apr  3 19:39:58 2026,1050,9.0
Fri Apr  3 19:39:58 2026,1057,7.0
Fri Apr  3 19:39:58 2026,1065,8.0
Fri Apr  3 19:39:58 2026,1073,8.0
Fri Apr  3 19:39:58 2026,1080,7.0
Fri Apr  3 19:39:58 2026,1087,7.0
Fri Apr  3 19:39:58 2026,1094,7.0
Fri Apr  3 19:39:59 2026,1101,7.0
Fri Apr  3 19:39:59 2026,1108,7.0
Fri Apr  3 19:39:59 2026,1116,8.0
Fri Apr  3 19:39:59 2026,1124,8.0
Fri Apr  3 19:39:59 2026,1132,8.0
Fri Apr  3 19:39:59 2026,1140,8.0
Fri Apr  3 19:39:59 2026,1148,8.0
Fri Apr  3 19:39:59 2026,1156,8.0
Fri Apr  3 19:39:59 2026,1164,8.0
Fri Apr  3 19:39:59 2026,1172,8.0
Fri Apr  3 19:39:59 2026,1180,8.0
Fri Apr  3 19:39:59 2026,1188,8.0
Fri Apr  3 19:40:00 2026,1196,8.0
Fri Apr  3 19:40:00 2026,1204,8.0
Fri Apr  3 19:40:00 2026,1212,8.0
Fri Apr  3 19:40:00 2026,1220,8.0
Fri Apr  3 19:40:00 2026,1228,8.0
Fri Apr  3 19:40:00 2026,1236,8.0
Fri Apr  3 19:40:00 2026,1244,8.0
Fri Apr  3 19:40:00 2026,1252,8.0
Fri Apr  3 19:40:00 2026,1259,7.0
Fri Apr  3 19:40:00 2026,1266,7.0
Fri Apr  3 19:40:00 2026,1273,7.0
Fri Apr  3 19:40:01 2026,1280,7.0
Fri Apr  3 19:40:01 2026,1287,7.0
Fri Apr  3 19:40:01 2026,1295,8.0
Fri Apr  3 19:40:01 2026,1304,9.0
Fri Apr  3 19:40:01 2026,1310,6.0
Fri Apr  3 19:40:01 2026,1318,8.0
Fri Apr  3 19:40:01 2026,1327,9.0
Fri Apr  3 19:40:01 2026,1335,8.0
Fri Apr  3 19:40:01 2026,1342,7.0
Fri Apr  3 19:40:02 2026,1349,7.0
Fri Apr  3 19:40:02 2026,1357,8.0
Fri Apr  3 19:40:02 2026,1366,9.0
Fri Apr  3 19:40:02 2026,1375,9.0
Fri Apr  3 19:40:02 2026,1384,9.0
Fri Apr  3 19:40:02 2026,1393,9.0
Fri Apr  3 19:40:02 2026,1402,9.0
Fri Apr  3 19:40:02 2026,1411,9.0
Fri Apr  3 19:40:02 2026,1419,8.0
Fri Apr  3 19:40:03 2026,1427,8.0
Fri Apr  3 19:40:03 2026,1436,9.0
Fri Apr  3 19:40:03 2026,1445,9.0
Fri Apr  3 19:40:03 2026,1454,9.0
Fri Apr  3 19:40:03 2026,1463,9.0
Fri Apr  3 19:40:03 2026,1470,7.0
Fri Apr  3 19:40:03 2026,1478,8.0
Fri Apr  3 19:40:03 2026,1485,7.0
Fri Apr  3 19:40:03 2026,1492,7.0
Fri Apr  3 19:40:04 2026,1499,7.0
Fri Apr  3 19:40:04 2026,1506,7.0
Fri Apr  3 19:40:04 2026,1513,7.0
Fri Apr  3 19:40:04 2026,1521,8.0
Fri Apr  3 19:40:04 2026,1529,8.0
Fri Apr  3 19:40:04 2026,1537,8.0
Fri Apr  3 19:40:04 2026,1545,8.0
Fri Apr  3 19:40:04 2026,1553,8.0
Fri Apr  3 19:40:04 2026,1561,8.0
Fri Apr  3 19:40:05 2026,1569,8.0
Fri Apr  3 19:40:05 2026,1576,7.0
Fri Apr  3 19:40:05 2026,1583,7.0
Fri Apr  3 19:40:05 2026,1590,7.0
Fri Apr  3 19:40:05 2026,1597,7.0
Fri Apr  3 19:40:05 2026,1604,7.0
Fri Apr  3 19:40:05 2026,1611,7.0
Fri Apr  3 19:40:05 2026,1618,7.0
Fri Apr  3 19:40:05 2026,1625,7.0
Fri Apr  3 19:40:06 2026,1632,7.0
Fri Apr  3 19:40:06 2026,1638,6.0
Fri Apr  3 19:40:06 2026,1645,7.0
Fri Apr  3 19:40:06 2026,1651,6.0
Fri Apr  3 19:40:06 2026,1658,7.0
Fri Apr  3 19:40:06 2026,1664,6.0
Fri Apr  3 19:40:06 2026,1670,6.0
Fri Apr  3 19:40:06 2026,1678,8.0
Fri Apr  3 19:40:06 2026,1686,8.0
Fri Apr  3 19:40:07 2026,1693,7.0
Fri Apr  3 19:40:07 2026,1700,7.0
Fri Apr  3 19:40:07 2026,1707,7.0
Fri Apr  3 19:40:07 2026,1714,7.0
Fri Apr  3 19:40:07 2026,1720,6.0
Fri Apr  3 19:40:07 2026,1727,7.0
Fri Apr  3 19:40:07 2026,1735,8.0
Fri Apr  3 19:40:07 2026,1743,8.0
Fri Apr  3 19:40:07 2026,1751,8.0
Fri Apr  3 19:40:08 2026,1758,7.0
Fri Apr  3 19:40:08 2026,1765,7.0
Fri Apr  3 19:40:08 2026,1771,6.0
Fri Apr  3 19:40:08 2026,1777,6.0
Fri Apr  3 19:40:08 2026,1784,7.0
Fri Apr  3 19:40:08 2026,1791,7.0
Fri Apr  3 19:40:08 2026,1798,7.0
Fri Apr  3 19:40:08 2026,1803,5.0
Fri Apr  3 19:40:08 2026,1809,6.0
Fri Apr  3 19:40:09 2026,1816,7.0
Fri Apr  3 19:40:09 2026,1822,6.0
Fri Apr  3 19:40:09 2026,1829,7.0
Fri Apr  3 19:40:09 2026,1837,8.0
Fri Apr  3 19:40:09 2026,1844,7.0
Fri Apr  3 19:40:09 2026,1852,8.0
Fri Apr  3 19:40:09 2026,1860,8.0
Fri Apr  3 19:40:09 2026,1868,8.0
Fri Apr  3 19:40:09 2026,1876,8.0
Fri Apr  3 19:40:10 2026,1884,8.0
Fri Apr  3 19:40:10 2026,1892,8.0
Fri Apr  3 19:40:10 2026,1901,9.0
Fri Apr  3 19:40:10 2026,1910,9.0
Fri Apr  3 19:40:10 2026,1919,9.0
Fri Apr  3 19:40:10 2026,1927,8.0
Fri Apr  3 19:40:10 2026,1935,8.0
Fri Apr  3 19:40:10 2026,1943,8.0
Fri Apr  3 19:40:10 2026,1951,8.0
Fri Apr  3 19:40:11 2026,1959,8.0
Fri Apr  3 19:40:11 2026,1967,8.0
Fri Apr  3 19:40:11 2026,1975,8.0
Fri Apr  3 19:40:11 2026,1982,7.0
Fri Apr  3 19:40:11 2026,1988,6.0
Fri Apr  3 19:40:11 2026,1995,7.0
Fri Apr  3 19:40:11 2026,2002,7.0
Fri Apr  3 19:40:11 2026,2009,7.0
Fri Apr  3 19:40:11 2026,2016,7.0
Fri Apr  3 19:40:12 2026,2023,7.0
Fri Apr  3 19:40:12 2026,2030,7.0
Fri Apr  3 19:40:12 2026,2037,7.0
Fri Apr  3 19:40:12 2026,2044,7.0
Fri Apr  3 19:40:12 2026,2051,7.0
Fri Apr  3 19:40:12 2026,2058,7.0
Fri Apr  3 19:40:12 2026,2065,7.0
Fri Apr  3 19:40:12 2026,2072,7.0
Fri Apr  3 19:40:12 2026,2079,7.0
Fri Apr  3 19:40:13 2026,2086,7.0
Fri Apr  3 19:40:13 2026,2093,7.0
Fri Apr  3 19:40:13 2026,2100,7.0
Fri Apr  3 19:40:13 2026,2107,7.0
Fri Apr  3 19:40:13 2026,2113,6.0
Fri Apr  3 19:40:13 2026,2121,8.0
Fri Apr  3 19:40:13 2026,2128,7.0
Fri Apr  3 19:40:13 2026,2136,8.0
Fri Apr  3 19:40:13 2026,2143,7.0
Fri Apr  3 19:40:14 2026,2150,7.0
Fri Apr  3 19:40:14 2026,2157,7.0
Fri Apr  3 19:40:14 2026,2164,7.0
Fri Apr  3 19:40:14 2026,2171,7.0
Fri Apr  3 19:40:14 2026,2179,8.0
Fri Apr  3 19:40:14 2026,2187,8.0
Fri Apr  3 19:40:14 2026,2195,8.0
Fri Apr  3 19:40:14 2026,2202,7.0
Fri Apr  3 19:40:14 2026,2209,7.0
Fri Apr  3 19:40:15 2026,2216,7.0
Fri Apr  3 19:40:15 2026,2224,8.0
Fri Apr  3 19:40:15 2026,2231,7.0
Fri Apr  3 19:40:15 2026,2238,7.0
Fri Apr  3 19:40:15 2026,2245,7.0
Fri Apr  3 19:40:15 2026,2251,6.0
Fri Apr  3 19:40:15 2026,2257,6.0
Fri Apr  3 19:40:15 2026,2263,6.0
Fri Apr  3 19:40:15 2026,2269,6.0
Fri Apr  3 19:40:16 2026,2275,6.0
Fri Apr  3 19:40:16 2026,2281,6.0
Fri Apr  3 19:40:16 2026,2287,6.0
Fri Apr  3 19:40:16 2026,2293,6.0
Fri Apr  3 19:40:16 2026,2299,6.0
Fri Apr  3 19:40:16 2026,2305,6.0
Fri Apr  3 19:40:16 2026,2311,6.0
Fri Apr  3 19:40:16 2026,2318,7.0
Fri Apr  3 19:40:16 2026,2325,7.0
Fri Apr  3 19:40:17 2026,2331,6.0
Fri Apr  3 19:40:17 2026,2338,7.0
Fri Apr  3 19:40:17 2026,2346,8.0
Fri Apr  3 19:40:17 2026,2353,7.0
Fri Apr  3 19:40:17 2026,2359,6.0
Fri Apr  3 19:40:17 2026,2366,7.0
Fri Apr  3 19:40:17 2026,2372,6.0
Fri Apr  3 19:40:17 2026,2378,6.0
Fri Apr  3 19:40:17 2026,2384,6.0
Fri Apr  3 19:40:18 2026,2390,6.0
Fri Apr  3 19:40:18 2026,2396,6.0
Fri Apr  3 19:40:18 2026,2402,6.0
Fri Apr  3 19:40:18 2026,2408,6.0
Fri Apr  3 19:40:18 2026,2415,7.0
Fri Apr  3 19:40:18 2026,2421,6.0
Fri Apr  3 19:40:18 2026,2428,7.0
Fri Apr  3 19:40:18 2026,2435,7.0
Fri Apr  3 19:40:18 2026,2442,7.0
Fri Apr  3 19:40:19 2026,2449,7.0
Fri Apr  3 19:40:19 2026,2455,6.0
Fri Apr  3 19:40:19 2026,2461,6.0
Fri Apr  3 19:40:19 2026,2467,6.0
Fri Apr  3 19:40:19 2026,2473,6.0
Fri Apr  3 19:40:19 2026,2480,7.0
Fri Apr  3 19:40:19 2026,2486,6.0
Fri Apr  3 19:40:19 2026,2493,7.0
Fri Apr  3 19:40:19 2026,2499,6.0
Fri Apr  3 19:40:20 2026,2505,6.0
Fri Apr  3 19:40:20 2026,2510,5.0
Fri Apr  3 19:40:20 2026,2515,5.0
Fri Apr  3 19:40:20 2026,2520,5.0
Fri Apr  3 19:40:20 2026,2525,5.0
Fri Apr  3 19:40:20 2026,2531,6.0
Fri Apr  3 19:40:20 2026,2536,5.0
Fri Apr  3 19:40:20 2026,2541,5.0
Fri Apr  3 19:40:20 2026,2547,6.0
Fri Apr  3 19:40:21 2026,2553,6.0
Fri Apr  3 19:40:21 2026,2559,6.0
Fri Apr  3 19:40:21 2026,2565,6.0
Fri Apr  3 19:40:21 2026,2570,5.0
Fri Apr  3 19:40:21 2026,2575,5.0
Fri Apr  3 19:40:21 2026,2580,5.0
Fri Apr  3 19:40:21 2026,2585,5.0
Fri Apr  3 19:40:21 2026,2590,5.0
Fri Apr  3 19:40:21 2026,2595,5.0
Fri Apr  3 19:40:22 2026,2600,5.0
Fri Apr  3 19:40:22 2026,2605,5.0
Fri Apr  3 19:40:22 2026,2611,6.0
Fri Apr  3 19:40:22 2026,2616,5.0
Fri Apr  3 19:40:22 2026,2620,4.0
Fri Apr  3 19:40:22 2026,2628,8.0
Fri Apr  3 19:40:22 2026,2636,8.0
Fri Apr  3 19:40:22 2026,2644,8.0
Fri Apr  3 19:40:23 2026,2652,8.0
Fri Apr  3 19:40:23 2026,2660,8.0
Fri Apr  3 19:40:23 2026,2669,9.0
Fri Apr  3 19:40:23 2026,2679,10.0
Fri Apr  3 19:40:23 2026,2689,10.0
Fri Apr  3 19:40:23 2026,2699,10.0
Fri Apr  3 19:40:23 2026,2709,10.0
Fri Apr  3 19:40:23 2026,2719,10.0
Fri Apr  3 19:40:23 2026,2727,8.0
Fri Apr  3 19:40:24 2026,2736,9.0
Fri Apr  3 19:40:24 2026,2745,9.0
Fri Apr  3 19:40:24 2026,2755,10.0
Fri Apr  3 19:40:24 2026,2766,11.0
Fri Apr  3 19:40:24 2026,2777,11.0
Fri Apr  3 19:40:24 2026,2785,8.0
Fri Apr  3 19:40:24 2026,2794,9.0
Fri Apr  3 19:40:24 2026,2804,10.0
Fri Apr  3 19:40:24 2026,2812,8.0
Fri Apr  3 19:40:25 2026,2820,8.0
Fri Apr  3 19:40:25 2026,2828,8.0
Fri Apr  3 19:40:25 2026,2837,9.0
Fri Apr  3 19:40:25 2026,2846,9.0
Fri Apr  3 19:40:25 2026,2854,8.0
Fri Apr  3 19:40:25 2026,2862,8.0
Fri Apr  3 19:40:25 2026,2870,8.0
Fri Apr  3 19:40:25 2026,2878,8.0
Fri Apr  3 19:40:25 2026,2887,9.0
Fri Apr  3 19:40:26 2026,2894,7.0
Fri Apr  3 19:40:26 2026,2900,6.0
Fri Apr  3 19:40:26 2026,2906,6.0
Fri Apr  3 19:40:26 2026,2913,7.0
Fri Apr  3 19:40:26 2026,2920,7.0
Fri Apr  3 19:40:26 2026,2926,6.0
Fri Apr  3 19:40:26 2026,2935,9.0
Fri Apr  3 19:40:26 2026,2944,9.0
Fri Apr  3 19:40:26 2026,2952,8.0
Fri Apr  3 19:40:27 2026,2961,9.0
Fri Apr  3 19:40:27 2026,2970,9.0
Fri Apr  3 19:40:27 2026,2979,9.0
Fri Apr  3 19:40:27 2026,2988,9.0
Fri Apr  3 19:40:27 2026,2997,9.0
Fri Apr  3 19:40:27 2026,3006,9.0
Fri Apr  3 19:40:27 2026,3015,9.0
Fri Apr  3 19:40:27 2026,3024,9.0
Fri Apr  3 19:40:27 2026,3033,9.0
Fri Apr  3 19:40:28 2026,3042,9.0
Fri Apr  3 19:40:28 2026,3051,9.0
Fri Apr  3 19:40:28 2026,3060,9.0
Fri Apr  3 19:40:28 2026,3068,8.0
Fri Apr  3 19:40:28 2026,3076,8.0
Fri Apr  3 19:40:28 2026,3083,7.0
Fri Apr  3 19:40:28 2026,3090,7.0
Fri Apr  3 19:40:28 2026,3097,7.0
Fri Apr  3 19:40:28 2026,3104,7.0
Fri Apr  3 19:40:29 2026,3111,7.0
Fri Apr  3 19:40:29 2026,3118,7.0
Fri Apr  3 19:40:29 2026,3124,6.0
Fri Apr  3 19:40:29 2026,3131,7.0
Fri Apr  3 19:40:29 2026,3139,8.0
Fri Apr  3 19:40:29 2026,3147,8.0
Fri Apr  3 19:40:29 2026,3155,8.0
Fri Apr  3 19:40:29 2026,3163,8.0
Fri Apr  3 19:40:29 2026,3170,7.0
Fri Apr  3 19:40:30 2026,3177,7.0
Fri Apr  3 19:40:30 2026,3187,10.0
Fri Apr  3 19:40:30 2026,3196,9.0
Fri Apr  3 19:40:30 2026,3206,10.0
Fri Apr  3 19:40:30 2026,3215,9.0
Fri Apr  3 19:40:30 2026,3225,10.0
Fri Apr  3 19:40:30 2026,3234,9.0
Fri Apr  3 19:40:30 2026,3243,9.0
Fri Apr  3 19:40:30 2026,3252,9.0
Fri Apr  3 19:40:31 2026,3261,9.0
Fri Apr  3 19:40:31 2026,3270,9.0
Fri Apr  3 19:40:31 2026,3279,9.0
Fri Apr  3 19:40:31 2026,3288,9.0
Fri Apr  3 19:40:31 2026,3297,9.0
Fri Apr  3 19:40:31 2026,3306,9.0
Fri Apr  3 19:40:31 2026,3315,9.0
Fri Apr  3 19:40:31 2026,3324,9.0
Fri Apr  3 19:40:31 2026,3333,9.0
Fri Apr  3 19:40:32 2026,3342,9.0
Fri Apr  3 19:40:32 2026,3351,9.0
Fri Apr  3 19:40:32 2026,3360,9.0
Fri Apr  3 19:40:32 2026,3369,9.0
Fri Apr  3 19:40:32 2026,3378,9.0
Fri Apr  3 19:40:32 2026,3387,9.0
Fri Apr  3 19:40:32 2026,3396,9.0
Fri Apr  3 19:40:32 2026,3405,9.0
Fri Apr  3 19:40:32 2026,3414,9.0
Fri Apr  3 19:40:33 2026,3422,8.0
Fri Apr  3 19:40:33 2026,3430,8.0
Fri Apr  3 19:40:33 2026,3439,9.0
Fri Apr  3 19:40:33 2026,3447,8.0
Fri Apr  3 19:40:33 2026,3457,10.0
Fri Apr  3 19:40:33 2026,3466,9.0
Fri Apr  3 19:40:33 2026,3475,9.0
Fri Apr  3 19:40:33 2026,3485,10.0
Fri Apr  3 19:40:33 2026,3495,10.0
Fri Apr  3 19:40:34 2026,3505,10.0
Fri Apr  3 19:40:34 2026,3515,10.0
Fri Apr  3 19:40:34 2026,3524,9.0
Fri Apr  3 19:40:34 2026,3533,9.0
Fri Apr  3 19:40:34 2026,3540,7.0
Fri Apr  3 19:40:34 2026,3547,7.0
Fri Apr  3 19:40:34 2026,3555,8.0
Fri Apr  3 19:40:34 2026,3562,7.0
Fri Apr  3 19:40:34 2026,3570,8.0
Fri Apr  3 19:40:35 2026,3578,8.0
Fri Apr  3 19:40:35 2026,3586,8.0
Fri Apr  3 19:40:35 2026,3594,8.0
Fri Apr  3 19:40:35 2026,3602,8.0
Fri Apr  3 19:40:35 2026,3610,8.0
Fri Apr  3 19:40:35 2026,3618,8.0
Fri Apr  3 19:40:35 2026,3625,7.0
Fri Apr  3 19:40:35 2026,3633,8.0
Fri Apr  3 19:40:35 2026,3640,7.0
Fri Apr  3 19:40:36 2026,3647,7.0
Fri Apr  3 19:40:36 2026,3654,7.0
Fri Apr  3 19:40:36 2026,3661,7.0
Fri Apr  3 19:40:36 2026,3670,9.0
Fri Apr  3 19:40:36 2026,3677,7.0
Fri Apr  3 19:40:36 2026,3685,8.0
Fri Apr  3 19:40:36 2026,3693,8.0
Fri Apr  3 19:40:36 2026,3700,7.0
Fri Apr  3 19:40:36 2026,3707,7.0
Fri Apr  3 19:40:37 2026,3714,7.0
Fri Apr  3 19:40:37 2026,3721,7.0
Fri Apr  3 19:40:37 2026,3728,7.0
Fri Apr  3 19:40:37 2026,3736,8.0
Fri Apr  3 19:40:37 2026,3744,8.0
Fri Apr  3 19:40:37 2026,3752,8.0
Fri Apr  3 19:40:37 2026,3760,8.0
Fri Apr  3 19:40:37 2026,3768,8.0
Fri Apr  3 19:40:37 2026,3776,8.0
Fri Apr  3 19:40:38 2026,3784,8.0
Fri Apr  3 19:40:38 2026,3792,8.0
Fri Apr  3 19:40:38 2026,3800,8.0
Fri Apr  3 19:40:38 2026,3808,8.0
Fri Apr  3 19:40:38 2026,3816,8.0
Fri Apr  3 19:40:38 2026,3824,8.0
Fri Apr  3 19:40:38 2026,3832,8.0
Fri Apr  3 19:40:38 2026,3840,8.0
Fri Apr  3 19:40:38 2026,3848,8.0
Fri Apr  3 19:40:39 2026,3856,8.0
Fri Apr  3 19:40:39 2026,3864,8.0
Fri Apr  3 19:40:39 2026,3872,8.0
Fri Apr  3 19:40:39 2026,3879,7.0
Fri Apr  3 19:40:39 2026,3886,7.0
Fri Apr  3 19:40:39 2026,3893,7.0
Fri Apr  3 19:40:39 2026,3900,7.0
Fri Apr  3 19:40:39 2026,3907,7.0
Fri Apr  3 19:40:39 2026,3915,8.0
Fri Apr  3 19:40:40 2026,3924,9.0
Fri Apr  3 19:40:40 2026,3930,6.0
Fri Apr  3 19:40:40 2026,3938,8.0
Fri Apr  3 19:40:40 2026,3947,9.0
Fri Apr  3 19:40:40 2026,3955,8.0
Fri Apr  3 19:40:40 2026,3962,7.0
Fri Apr  3 19:40:40 2026,3969,7.0
Fri Apr  3 19:40:40 2026,3977,8.0
Fri Apr  3 19:40:40 2026,3986,9.0
Fri Apr  3 19:40:41 2026,3995,9.0
Fri Apr  3 19:40:41 2026,4004,9.0
Fri Apr  3 19:40:41 2026,4013,9.0
Fri Apr  3 19:40:41 2026,4022,9.0
Fri Apr  3 19:40:41 2026,4031,9.0
Fri Apr  3 19:40:41 2026,4039,8.0
Fri Apr  3 19:40:41 2026,4047,8.0
Fri Apr  3 19:40:41 2026,4056,9.0
Fri Apr  3 19:40:41 2026,4065,9.0
Fri Apr  3 19:40:42 2026,4074,9.0
Fri Apr  3 19:40:42 2026,4083,9.0
Fri Apr  3 19:40:42 2026,4090,7.0
Fri Apr  3 19:40:42 2026,4098,8.0
Fri Apr  3 19:40:42 2026,4105,7.0
Fri Apr  3 19:40:42 2026,4112,7.0
Fri Apr  3 19:40:42 2026,4119,7.0
Fri Apr  3 19:40:42 2026,4126,7.0
Fri Apr  3 19:40:42 2026,4133,7.0
Fri Apr  3 19:40:43 2026,4141,8.0
Fri Apr  3 19:40:43 2026,4149,8.0
Fri Apr  3 19:40:43 2026,4157,8.0
Fri Apr  3 19:40:43 2026,4165,8.0
Fri Apr  3 19:40:43 2026,4173,8.0
Fri Apr  3 19:40:43 2026,4181,8.0
Fri Apr  3 19:40:43 2026,4189,8.0
Fri Apr  3 19:40:43 2026,4196,7.0
Fri Apr  3 19:40:43 2026,4203,7.0
Fri Apr  3 19:40:44 2026,4210,7.0
Fri Apr  3 19:40:44 2026,4217,7.0
Fri Apr  3 19:40:44 2026,4224,7.0
Fri Apr  3 19:40:44 2026,4231,7.0
Fri Apr  3 19:40:44 2026,4238,7.0
Fri Apr  3 19:40:44 2026,4245,7.0
Fri Apr  3 19:40:44 2026,4252,7.0
Fri Apr  3 19:40:44 2026,4258,6.0
Fri Apr  3 19:40:44 2026,4265,7.0
Fri Apr  3 19:40:44 2026,4271,6.0
Fri Apr  3 19:40:45 2026,4278,7.0
Fri Apr  3 19:40:45 2026,4284,6.0
Fri Apr  3 19:40:45 2026,4290,6.0
Fri Apr  3 19:40:45 2026,4298,8.0
Fri Apr  3 19:40:45 2026,4306,8.0
Fri Apr  3 19:40:45 2026,4313,7.0
Fri Apr  3 19:40:45 2026,4320,7.0
Fri Apr  3 19:40:45 2026,4327,7.0
Fri Apr  3 19:40:45 2026,4334,7.0
Fri Apr  3 19:40:46 2026,4340,6.0
Fri Apr  3 19:40:46 2026,4347,7.0
Fri Apr  3 19:40:46 2026,4355,8.0
Fri Apr  3 19:40:46 2026,4363,8.0
Fri Apr  3 19:40:46 2026,4371,8.0
Fri Apr  3 19:40:46 2026,4378,7.0
Fri Apr  3 19:40:46 2026,4385,7.0
Fri Apr  3 19:40:46 2026,4391,6.0
Fri Apr  3 19:40:46 2026,4397,6.0
Fri Apr  3 19:40:47 2026,4404,7.0
Fri Apr  3 19:40:47 2026,4411,7.0
Fri Apr  3 19:40:47 2026,4418,7.0
Fri Apr  3 19:40:47 2026,4423,5.0
Fri Apr  3 19:40:47 2026,4429,6.0
Fri Apr  3 19:40:47 2026,4436,7.0
Fri Apr  3 19:40:47 2026,4442,6.0
Fri Apr  3 19:40:47 2026,4449,7.0
Fri Apr  3 19:40:47 2026,4457,8.0
Fri Apr  3 19:40:48 2026,4464,7.0
Fri Apr  3 19:40:48 2026,4472,8.0
Fri Apr  3 19:40:48 2026,4480,8.0
Fri Apr  3 19:40:48 2026,4488,8.0
Fri Apr  3 19:40:48 2026,4496,8.0
Fri Apr  3 19:40:48 2026,4504,8.0
Fri Apr  3 19:40:48 2026,4512,8.0
Fri Apr  3 19:40:48 2026,4521,9.0
Fri Apr  3 19:40:48 2026,4530,9.0
Fri Apr  3 19:40:49 2026,4539,9.0
Fri Apr  3 19:40:49 2026,4547,8.0
Fri Apr  3 19:40:49 2026,4555,8.0
Fri Apr  3 19:40:49 2026,4563,8.0
Fri Apr  3 19:40:49 2026,4571,8.0
Fri Apr  3 19:40:49 2026,4579,8.0
Fri Apr  3 19:40:49 2026,4587,8.0
Fri Apr  3 19:40:49 2026,4595,8.0
Fri Apr  3 19:40:49 2026,4602,7.0
Fri Apr  3 19:40:50 2026,4608,6.0
Fri Apr  3 19:40:50 2026,4615,7.0
Fri Apr  3 19:40:50 2026,4622,7.0
Fri Apr  3 19:40:50 2026,4629,7.0
Fri Apr  3 19:40:50 2026,4636,7.0
Fri Apr  3 19:40:50 2026,4643,7.0
Fri Apr  3 19:40:50 2026,4650,7.0
Fri Apr  3 19:40:50 2026,4657,7.0
Fri Apr  3 19:40:50 2026,4664,7.0
Fri Apr  3 19:40:51 2026,4671,7.0
Fri Apr  3 19:40:51 2026,4678,7.0
Fri Apr  3 19:40:51 2026,4685,7.0
Fri Apr  3 19:40:51 2026,4692,7.0
Fri Apr  3 19:40:51 2026,4699,7.0
Fri Apr  3 19:40:51 2026,4706,7.0
Fri Apr  3 19:40:51 2026,4713,7.0
Fri Apr  3 19:40:51 2026,4720,7.0
Fri Apr  3 19:40:51 2026,4727,7.0
Fri Apr  3 19:40:52 2026,4733,6.0
Fri Apr  3 19:40:52 2026,4741,8.0
Fri Apr  3 19:40:52 2026,4748,7.0
Fri Apr  3 19:40:52 2026,4756,8.0
Fri Apr  3 19:40:52 2026,4763,7.0
Fri Apr  3 19:40:52 2026,4770,7.0
Fri Apr  3 19:40:52 2026,4777,7.0
Fri Apr  3 19:40:52 2026,4784,7.0
Fri Apr  3 19:40:52 2026,4791,7.0
Fri Apr  3 19:40:53 2026,4799,8.0
Fri Apr  3 19:40:53 2026,4807,8.0
Fri Apr  3 19:40:53 2026,4815,8.0
Fri Apr  3 19:40:53 2026,4822,7.0
Fri Apr  3 19:40:53 2026,4829,7.0
Fri Apr  3 19:40:53 2026,4836,7.0
Fri Apr  3 19:40:53 2026,4844,8.0
Fri Apr  3 19:40:53 2026,4851,7.0
Fri Apr  3 19:40:53 2026,4858,7.0
Fri Apr  3 19:40:54 2026,4865,7.0
Fri Apr  3 19:40:54 2026,4871,6.0
Fri Apr  3 19:40:54 2026,4877,6.0
Fri Apr  3 19:40:54 2026,4883,6.0
Fri Apr  3 19:40:54 2026,4889,6.0
Fri Apr  3 19:40:54 2026,4895,6.0
Fri Apr  3 19:40:54 2026,4901,6.0
Fri Apr  3 19:40:54 2026,4907,6.0
Fri Apr  3 19:40:54 2026,4913,6.0
Fri Apr  3 19:40:55 2026,4919,6.0
Fri Apr  3 19:40:55 2026,4925,6.0
Fri Apr  3 19:40:55 2026,4931,6.0
Fri Apr  3 19:40:55 2026,4938,7.0
Fri Apr  3 19:40:55 2026,4945,7.0
Fri Apr  3 19:40:55 2026,4951,6.0
Fri Apr  3 19:40:55 2026,4958,7.0
Fri Apr  3 19:40:55 2026,4966,8.0
Fri Apr  3 19:40:55 2026,4973,7.0
Fri Apr  3 19:40:56 2026,4979,6.0
Fri Apr  3 19:40:56 2026,4986,7.0
Fri Apr  3 19:40:56 2026,4992,6.0
Fri Apr  3 19:40:56 2026,4998,6.0
Fri Apr  3 19:40:56 2026,5004,6.0
Fri Apr  3 19:40:56 2026,5010,6.0
Fri Apr  3 19:40:56 2026,5016,6.0
Fri Apr  3 19:40:56 2026,5022,6.0
Fri Apr  3 19:40:56 2026,5028,6.0
Fri Apr  3 19:40:57 2026,5035,7.0
Fri Apr  3 19:40:57 2026,5041,6.0
Fri Apr  3 19:40:57 2026,5048,7.0
Fri Apr  3 19:40:57 2026,5055,7.0
Fri Apr  3 19:40:57 2026,5062,7.0
Fri Apr  3 19:40:57 2026,5069,7.0
Fri Apr  3 19:40:57 2026,5075,6.0
Fri Apr  3 19:40:57 2026,5081,6.0
Fri Apr  3 19:40:57 2026,5087,6.0
Fri Apr  3 19:40:58 2026,5093,6.0
Fri Apr  3 19:40:58 2026,5100,7.0
Fri Apr  3 19:40:58 2026,5106,6.0
Fri Apr  3 19:40:58 2026,5113,7.0
Fri Apr  3 19:40:58 2026,5119,6.0
Fri Apr  3 19:40:58 2026,5125,6.0
Fri Apr  3 19:40:58 2026,5130,5.0
Fri Apr  3 19:40:58 2026,5135,5.0
Fri Apr  3 19:40:58 2026,5140,5.0
Fri Apr  3 19:40:59 2026,5145,5.0
Fri Apr  3 19:40:59 2026,5151,6.0
Fri Apr  3 19:40:59 2026,5156,5.0
Fri Apr  3 19:40:59 2026,5161,5.0
Fri Apr  3 19:40:59 2026,5167,6.0
Fri Apr  3 19:40:59 2026,5173,6.0
Fri Apr  3 19:40:59 2026,5179,6.0
Fri Apr  3 19:40:59 2026,5185,6.0
Fri Apr  3 19:40:59 2026,5190,5.0
Fri Apr  3 19:41:00 2026,5195,5.0
Fri Apr  3 19:41:00 2026,5200,5.0
Fri Apr  3 19:41:00 2026,5205,5.0
Fri Apr  3 19:41:00 2026,5210,5.0
Fri Apr  3 19:41:00 2026,5215,5.0
Fri Apr  3 19:41:00 2026,5220,5.0
Fri Apr  3 19:41:00 2026,5225,5.0
Fri Apr  3 19:41:00 2026,5231,6.0
Fri Apr  3 19:41:00 2026,5236,5.0
Fri Apr  3 19:41:01 2026,5240,4.0
Fri Apr  3 19:41:01 2026,5248,8.0
Fri Apr  3 19:41:01 2026,5256,8.0
Fri Apr  3 19:41:01 2026,5264,8.0
Fri Apr  3 19:41:01 2026,5272,8.0
Fri Apr  3 19:41:01 2026,5280,8.0
Fri Apr  3 19:41:01 2026,5289,9.0
Fri Apr  3 19:41:01 2026,5299,10.0
Fri Apr  3 19:41:02 2026,5309,10.0
Fri Apr  3 19:41:02 2026,5319,10.0
Fri Apr  3 19:41:02 2026,5329,10.0
Fri Apr  3 19:41:02 2026,5339,10.0
Fri Apr  3 19:41:02 2026,5347,8.0
Fri Apr  3 19:41:02 2026,5356,9.0
Fri Apr  3 19:41:02 2026,5365,9.0
Fri Apr  3 19:41:02 2026,5375,10.0
Fri Apr  3 19:41:02 2026,5386,11.0
Fri Apr  3 19:41:03 2026,5397,11.0
Fri Apr  3 19:41:03 2026,5405,8.0
Fri Apr  3 19:41:03 2026,5414,9.0
Fri Apr  3 19:41:03 2026,5424,10.0
Fri Apr  3 19:41:03 2026,5432,8.0
Fri Apr  3 19:41:03 2026,5440,8.0
Fri Apr  3 19:41:03 2026,5448,8.0
Fri Apr  3 19:41:03 2026,5457,9.0
Fri Apr  3 19:41:03 2026,5466,9.0
Fri Apr  3 19:41:04 2026,5474,8.0
Fri Apr  3 19:41:04 2026,5482,8.0
Fri Apr  3 19:41:04 2026,5490,8.0
Fri Apr  3 19:41:04 2026,5498,8.0
Fri Apr  3 19:41:04 2026,5507,9.0
Fri Apr  3 19:41:04 2026,5514,7.0
Fri Apr  3 19:41:04 2026,5520,6.0
Fri Apr  3 19:41:04 2026,5526,6.0
Fri Apr  3 19:41:04 2026,5533,7.0
Fri Apr  3 19:41:05 2026,5540,7.0
Fri Apr  3 19:41:05 2026,5546,6.0
Fri Apr  3 19:41:05 2026,5555,9.0
Fri Apr  3 19:41:05 2026,5564,9.0
Fri Apr  3 19:41:05 2026,5572,8.0
Fri Apr  3 19:41:05 2026,5581,9.0
Fri Apr  3 19:41:05 2026,5590,9.0
Fri Apr  3 19:41:05 2026,5599,9.0
Fri Apr  3 19:41:05 2026,5608,9.0
Fri Apr  3 19:41:06 2026,5617,9.0
Fri Apr  3 19:41:06 2026,5626,9.0
Fri Apr  3 19:41:06 2026,5635,9.0
Fri Apr  3 19:41:06 2026,5644,9.0
Fri Apr  3 19:41:06 2026,5653,9.0
Fri Apr  3 19:41:06 2026,5662,9.0
Fri Apr  3 19:41:06 2026,5671,9.0
Fri Apr  3 19:41:06 2026,5680,9.0
Fri Apr  3 19:41:06 2026,5688,8.0
Fri Apr  3 19:41:07 2026,5696,8.0
Fri Apr  3 19:41:07 2026,5703,7.0
Fri Apr  3 19:41:07 2026,5710,7.0
Fri Apr  3 19:41:07 2026,5717,7.0
Fri Apr  3 19:41:07 2026,5724,7.0
Fri Apr  3 19:41:07 2026,5731,7.0
Fri Apr  3 19:41:07 2026,5738,7.0
Fri Apr  3 19:41:07 2026,5744,6.0
Fri Apr  3 19:41:07 2026,5751,7.0
Fri Apr  3 19:41:08 2026,5759,8.0
Fri Apr  3 19:41:08 2026,5767,8.0
Fri Apr  3 19:41:08 2026,5775,8.0
Fri Apr  3 19:41:08 2026,5783,8.0
Fri Apr  3 19:41:08 2026,5790,7.0
Fri Apr  3 19:41:08 2026,5797,7.0
Fri Apr  3 19:41:08 2026,5807,10.0
Fri Apr  3 19:41:08 2026,5816,9.0
Fri Apr  3 19:41:08 2026,5826,10.0
Fri Apr  3 19:41:09 2026,5835,9.0
Fri Apr  3 19:41:09 2026,5845,10.0
Fri Apr  3 19:41:09 2026,5854,9.0
Fri Apr  3 19:41:09 2026,5863,9.0
Fri Apr  3 19:41:09 2026,5872,9.0
Fri Apr  3 19:41:09 2026,5881,9.0
Fri Apr  3 19:41:09 2026,5890,9.0
Fri Apr  3 19:41:09 2026,5899,9.0
Fri Apr  3 19:41:09 2026,5908,9.0
Fri Apr  3 19:41:10 2026,5917,9.0
Fri Apr  3 19:41:10 2026,5926,9.0
Fri Apr  3 19:41:10 2026,5935,9.0
Fri Apr  3 19:41:10 2026,5944,9.0
Fri Apr  3 19:41:10 2026,5953,9.0
Fri Apr  3 19:41:10 2026,5962,9.0
Fri Apr  3 19:41:10 2026,5971,9.0
Fri Apr  3 19:41:10 2026,5980,9.0
Fri Apr  3 19:41:10 2026,5989,9.0
Fri Apr  3 19:41:11 2026,5998,9.0
Fri Apr  3 19:41:11 2026,6007,9.0
Fri Apr  3 19:41:11 2026,6016,9.0
Fri Apr  3 19:41:11 2026,6025,9.0
Fri Apr  3 19:41:11 2026,6034,9.0
Fri Apr  3 19:41:11 2026,6042,8.0
Fri Apr  3 19:41:11 2026,6050,8.0
Fri Apr  3 19:41:11 2026,6059,9.0
Fri Apr  3 19:41:11 2026,6067,8.0
Fri Apr  3 19:41:12 2026,6077,10.0
Fri Apr  3 19:41:12 2026,6086,9.0
Fri Apr  3 19:41:12 2026,6095,9.0
Fri Apr  3 19:41:12 2026,6105,10.0
Fri Apr  3 19:41:12 2026,6115,10.0
Fri Apr  3 19:41:12 2026,6125,10.0
Fri Apr  3 19:41:12 2026,6135,10.0
Fri Apr  3 19:41:12 2026,6144,9.0
Fri Apr  3 19:41:12 2026,6153,9.0
Fri Apr  3 19:41:13 2026,6160,7.0
Fri Apr  3 19:41:13 2026,6167,7.0
Fri Apr  3 19:41:13 2026,6175,8.0
Fri Apr  3 19:41:13 2026,6182,7.0
Fri Apr  3 19:41:13 2026,6190,8.0
Fri Apr  3 19:41:13 2026,6198,8.0
Fri Apr  3 19:41:13 2026,6206,8.0
Fri Apr  3 19:41:13 2026,6214,8.0
Fri Apr  3 19:41:13 2026,6222,8.0
Fri Apr  3 19:41:14 2026,6230,8.0
Fri Apr  3 19:41:14 2026,6238,8.0
Fri Apr  3 19:41:14 2026,6245,7.0
Fri Apr  3 19:41:14 2026,6253,8.0
Fri Apr  3 19:41:14 2026,6260,7.0
Fri Apr  3 19:41:14 2026,6267,7.0
Fri Apr  3 19:41:14 2026,6274,7.0
Fri Apr  3 19:41:14 2026,6281,7.0
Fri Apr  3 19:41:14 2026,6290,9.0
Fri Apr  3 19:41:15 2026,6297,7.0
Fri Apr  3 19:41:15 2026,6305,8.0
Fri Apr  3 19:41:15 2026,6313,8.0
Fri Apr  3 19:41:15 2026,6320,7.0
Fri Apr  3 19:41:15 2026,6327,7.0
Fri Apr  3 19:41:15 2026,6334,7.0
Fri Apr  3 19:41:15 2026,6341,7.0
Fri Apr  3 19:41:15 2026,6348,7.0
Fri Apr  3 19:41:15 2026,6356,8.0
Fri Apr  3 19:41:15 2026,6364,8.0
Fri Apr  3 19:41:16 2026,6372,8.0
Fri Apr  3 19:41:16 2026,6380,8.0
Fri Apr  3 19:41:16 2026,6388,8.0
Fri Apr  3 19:41:16 2026,6396,8.0
Fri Apr  3 19:41:16 2026,6404,8.0
Fri Apr  3 19:41:16 2026,6412,8.0
Fri Apr  3 19:41:16 2026,6420,8.0
Fri Apr  3 19:41:16 2026,6428,8.0
Fri Apr  3 19:41:16 2026,6436,8.0
Fri Apr  3 19:41:17 2026,6444,8.0
Fri Apr  3 19:41:17 2026,6452,8.0
Fri Apr  3 19:41:17 2026,6460,8.0
Fri Apr  3 19:41:17 2026,6468,8.0
Fri Apr  3 19:41:17 2026,6476,8.0
Fri Apr  3 19:41:17 2026,6484,8.0
Fri Apr  3 19:41:17 2026,6492,8.0
Fri Apr  3 19:41:17 2026,6499,7.0
Fri Apr  3 19:41:17 2026,6506,7.0
Fri Apr  3 19:41:18 2026,6513,7.0
Fri Apr  3 19:41:18 2026,6520,7.0
Fri Apr  3 19:41:18 2026,6527,7.0
Fri Apr  3 19:41:18 2026,6535,8.0
Fri Apr  3 19:41:18 2026,6544,9.0
Fri Apr  3 19:41:18 2026,6550,6.0
Fri Apr  3 19:41:18 2026,6558,8.0
Fri Apr  3 19:41:18 2026,6567,9.0
Fri Apr  3 19:41:18 2026,6575,8.0
Fri Apr  3 19:41:19 2026,6582,7.0
Fri Apr  3 19:41:19 2026,6589,7.0
Fri Apr  3 19:41:19 2026,6597,8.0
Fri Apr  3 19:41:19 2026,6606,9.0
Fri Apr  3 19:41:19 2026,6615,9.0
Fri Apr  3 19:41:19 2026,6624,9.0
Fri Apr  3 19:41:19 2026,6633,9.0
Fri Apr  3 19:41:19 2026,6642,9.0
Fri Apr  3 19:41:19 2026,6651,9.0
Fri Apr  3 19:41:20 2026,6659,8.0
Fri Apr  3 19:41:20 2026,6667,8.0
Fri Apr  3 19:41:20 2026,6676,9.0
Fri Apr  3 19:41:20 2026,6685,9.0
Fri Apr  3 19:41:20 2026,6694,9.0
Fri Apr  3 19:41:20 2026,6703,9.0
Fri Apr  3 19:41:20 2026,6710,7.0
Fri Apr  3 19:41:20 2026,6718,8.0
Fri Apr  3 19:41:20 2026,6725,7.0
Fri Apr  3 19:41:21 2026,6732,7.0
Fri Apr  3 19:41:21 2026,6739,7.0
Fri Apr  3 19:41:21 2026,6746,7.0
Fri Apr  3 19:41:21 2026,6753,7.0
Fri Apr  3 19:41:21 2026,6761,8.0
Fri Apr  3 19:41:21 2026,6769,8.0
Fri Apr  3 19:41:21 2026,6777,8.0
Fri Apr  3 19:41:21 2026,6785,8.0
Fri Apr  3 19:41:21 2026,6793,8.0
Fri Apr  3 19:41:22 2026,6801,8.0
Fri Apr  3 19:41:22 2026,6809,8.0
Fri Apr  3 19:41:22 2026,6816,7.0
Fri Apr  3 19:41:22 2026,6823,7.0
Fri Apr  3 19:41:22 2026,6830,7.0
Fri Apr  3 19:41:22 2026,6837,7.0
Fri Apr  3 19:41:22 2026,6844,7.0
Fri Apr  3 19:41:22 2026,6851,7.0
Fri Apr  3 19:41:22 2026,6858,7.0
Fri Apr  3 19:41:23 2026,6865,7.0
Fri Apr  3 19:41:23 2026,6872,7.0
Fri Apr  3 19:41:23 2026,6878,6.0
Fri Apr  3 19:41:23 2026,6885,7.0
Fri Apr  3 19:41:23 2026,6891,6.0
Fri Apr  3 19:41:23 2026,6898,7.0
Fri Apr  3 19:41:23 2026,6904,6.0
Fri Apr  3 19:41:23 2026,6910,6.0
Fri Apr  3 19:41:23 2026,6918,8.0
Fri Apr  3 19:41:24 2026,6926,8.0
Fri Apr  3 19:41:24 2026,6933,7.0
Fri Apr  3 19:41:24 2026,6940,7.0
Fri Apr  3 19:41:24 2026,6947,7.0
Fri Apr  3 19:41:24 2026,6954,7.0
Fri Apr  3 19:41:24 2026,6960,6.0
Fri Apr  3 19:41:24 2026,6967,7.0
Fri Apr  3 19:41:24 2026,6975,8.0
Fri Apr  3 19:41:24 2026,6983,8.0
Fri Apr  3 19:41:25 2026,6991,8.0
Fri Apr  3 19:41:25 2026,6998,7.0
Fri Apr  3 19:41:25 2026,7005,7.0
Fri Apr  3 19:41:25 2026,7011,6.0
Fri Apr  3 19:41:25 2026,7017,6.0
Fri Apr  3 19:41:25 2026,7024,7.0
Fri Apr  3 19:41:25 2026,7031,7.0
Fri Apr  3 19:41:25 2026,7038,7.0
Fri Apr  3 19:41:25 2026,7043,5.0
Fri Apr  3 19:41:26 2026,7049,6.0
Fri Apr  3 19:41:26 2026,7056,7.0
Fri Apr  3 19:41:26 2026,7062,6.0
Fri Apr  3 19:41:26 2026,7069,7.0
Fri Apr  3 19:41:26 2026,7077,8.0
Fri Apr  3 19:41:26 2026,7084,7.0
Fri Apr  3 19:41:26 2026,7092,8.0
Fri Apr  3 19:41:26 2026,7100,8.0
Fri Apr  3 19:41:26 2026,7108,8.0
Fri Apr  3 19:41:27 2026,7116,8.0
Fri Apr  3 19:41:27 2026,7124,8.0
Fri Apr  3 19:41:27 2026,7132,8.0
Fri Apr  3 19:41:27 2026,7141,9.0
Fri Apr  3 19:41:27 2026,7150,9.0
Fri Apr  3 19:41:27 2026,7159,9.0
Fri Apr  3 19:41:27 2026,7167,8.0
Fri Apr  3 19:41:27 2026,7175,8.0
Fri Apr  3 19:41:27 2026,7183,8.0
Fri Apr  3 19:41:28 2026,7191,8.0
Fri Apr  3 19:41:28 2026,7199,8.0
Fri Apr  3 19:41:28 2026,7207,8.0
Fri Apr  3 19:41:28 2026,7215,8.0
Fri Apr  3 19:41:28 2026,7222,7.0
Fri Apr  3 19:41:28 2026,7228,6.0
Fri Apr  3 19:41:28 2026,7235,7.0
Fri Apr  3 19:41:28 2026,7242,7.0
Fri Apr  3 19:41:28 2026,7249,7.0
Fri Apr  3 19:41:29 2026,7256,7.0
Fri Apr  3 19:41:29 2026,7263,7.0
Fri Apr  3 19:41:29 2026,7270,7.0
Fri Apr  3 19:41:29 2026,7277,7.0
Fri Apr  3 19:41:29 2026,7284,7.0
Fri Apr  3 19:41:29 2026,7291,7.0
Fri Apr  3 19:41:29 2026,7298,7.0
Fri Apr  3 19:41:29 2026,7305,7.0
Fri Apr  3 19:41:29 2026,7312,7.0
Fri Apr  3 19:41:30 2026,7319,7.0
Fri Apr  3 19:41:30 2026,7326,7.0
Fri Apr  3 19:41:30 2026,7333,7.0
Fri Apr  3 19:41:30 2026,7340,7.0
Fri Apr  3 19:41:30 2026,7347,7.0
Fri Apr  3 19:41:30 2026,7353,6.0
Fri Apr  3 19:41:30 2026,7361,8.0
Fri Apr  3 19:41:30 2026,7368,7.0
Fri Apr  3 19:41:30 2026,7376,8.0
Fri Apr  3 19:41:31 2026,7383,7.0
Fri Apr  3 19:41:31 2026,7390,7.0
Fri Apr  3 19:41:31 2026,7397,7.0
Fri Apr  3 19:41:31 2026,7404,7.0
Fri Apr  3 19:41:31 2026,7411,7.0
Fri Apr  3 19:41:31 2026,7419,8.0
Fri Apr  3 19:41:31 2026,7427,8.0
Fri Apr  3 19:41:31 2026,7435,8.0
Fri Apr  3 19:41:31 2026,7442,7.0
Fri Apr  3 19:41:32 2026,7449,7.0
Fri Apr  3 19:41:32 2026,7456,7.0
Fri Apr  3 19:41:32 2026,7464,8.0
Fri Apr  3 19:41:32 2026,7471,7.0
Fri Apr  3 19:41:32 2026,7478,7.0
Fri Apr  3 19:41:32 2026,7485,7.0
Fri Apr  3 19:41:32 2026,7491,6.0
Fri Apr  3 19:41:32 2026,7497,6.0
Fri Apr  3 19:41:32 2026,7503,6.0
Fri Apr  3 19:41:33 2026,7509,6.0
Fri Apr  3 19:41:33 2026,7515,6.0
Fri Apr  3 19:41:33 2026,7521,6.0
Fri Apr  3 19:41:33 2026,7527,6.0
Fri Apr  3 19:41:33 2026,7533,6.0
Fri Apr  3 19:41:33 2026,7539,6.0
Fri Apr  3 19:41:33 2026,7545,6.0
Fri Apr  3 19:41:33 2026,7551,6.0
Fri Apr  3 19:41:33 2026,7558,7.0
Fri Apr  3 19:41:34 2026,7565,7.0
Fri Apr  3 19:41:34 2026,7571,6.0
Fri Apr  3 19:41:34 2026,7578,7.0
Fri Apr  3 19:41:34 2026,7586,8.0
Fri Apr  3 19:41:34 2026,7593,7.0
Fri Apr  3 19:41:34 2026,7599,6.0
Fri Apr  3 19:41:34 2026,7606,7.0
Fri Apr  3 19:41:34 2026,7612,6.0
Fri Apr  3 19:41:34 2026,7618,6.0
Fri Apr  3 19:41:35 2026,7624,6.0
Fri Apr  3 19:41:35 2026,7630,6.0
Fri Apr  3 19:41:35 2026,7636,6.0
Fri Apr  3 19:41:35 2026,7642,6.0
Fri Apr  3 19:41:35 2026,7648,6.0
Fri Apr  3 19:41:35 2026,7655,7.0
Fri Apr  3 19:41:35 2026,7661,6.0
Fri Apr  3 19:41:35 2026,7668,7.0
Fri Apr  3 19:41:35 2026,7675,7.0
Fri Apr  3 19:41:36 2026,7682,7.0
Fri Apr  3 19:41:36 2026,7689,7.0
Fri Apr  3 19:41:36 2026,7695,6.0
Fri Apr  3 19:41:36 2026,7701,6.0
Fri Apr  3 19:41:36 2026,7707,6.0
Fri Apr  3 19:41:36 2026,7713,6.0
Fri Apr  3 19:41:36 2026,7720,7.0
Fri Apr  3 19:41:36 2026,7726,6.0
Fri Apr  3 19:41:36 2026,7733,7.0
Fri Apr  3 19:41:37 2026,7739,6.0
Fri Apr  3 19:41:37 2026,7745,6.0
Fri Apr  3 19:41:37 2026,7750,5.0
Fri Apr  3 19:41:37 2026,7755,5.0
Fri Apr  3 19:41:37 2026,7760,5.0
Fri Apr  3 19:41:37 2026,7765,5.0
Fri Apr  3 19:41:37 2026,7771,6.0
Fri Apr  3 19:41:37 2026,7776,5.0
Fri Apr  3 19:41:37 2026,7781,5.0
Fri Apr  3 19:41:38 2026,7787,6.0
Fri Apr  3 19:41:38 2026,7793,6.0
Fri Apr  3 19:41:38 2026,7799,6.0
Fri Apr  3 19:41:38 2026,7805,6.0
Fri Apr  3 19:41:38 2026,7810,5.0
Fri Apr  3 19:41:38 2026,7815,5.0
Fri Apr  3 19:41:38 2026,7820,5.0
Fri Apr  3 19:41:38 2026,7825,5.0
Fri Apr  3 19:41:38 2026,7830,5.0
Fri Apr  3 19:41:39 2026,7835,5.0
Fri Apr  3 19:41:39 2026,7840,5.0
Fri Apr  3 19:41:39 2026,7845,5.0
Fri Apr  3 19:41:39 2026,7851,6.0
Fri Apr  3 19:41:39 2026,7856,5.0
Fri Apr  3 19:41:39 2026,7860,4.0
Fri Apr  3 19:41:39 2026,7868,8.0
Fri Apr  3 19:41:39 2026,7876,8.0
Fri Apr  3 19:41:39 2026,7884,8.0
Fri Apr  3 19:41:40 2026,7892,8.0
Fri Apr  3 19:41:40 2026,7900,8.0
Fri Apr  3 19:41:40 2026,7909,9.0
Fri Apr  3 19:41:40 2026,7919,10.0
Fri Apr  3 19:41:40 2026,7929,10.0
Fri Apr  3 19:41:40 2026,7939,10.0
Fri Apr  3 19:41:40 2026,7949,10.0
Fri Apr  3 19:41:40 2026,7959,10.0
Fri Apr  3 19:41:40 2026,7967,8.0
Fri Apr  3 19:41:41 2026,7976,9.0
Fri Apr  3 19:41:41 2026,7985,9.0
Fri Apr  3 19:41:41 2026,7995,10.0
Fri Apr  3 19:41:41 2026,8006,11.0
Fri Apr  3 19:41:41 2026,8017,11.0
Fri Apr  3 19:41:41 2026,8025,8.0
Fri Apr  3 19:41:41 2026,8034,9.0
Fri Apr  3 19:41:41 2026,8044,10.0
Fri Apr  3 19:41:41 2026,8052,8.0
Fri Apr  3 19:41:42 2026,8060,8.0
Fri Apr  3 19:41:42 2026,8068,8.0
Fri Apr  3 19:41:42 2026,8077,9.0
Fri Apr  3 19:41:42 2026,8086,9.0
Fri Apr  3 19:41:42 2026,8094,8.0
Fri Apr  3 19:41:42 2026,8102,8.0
Fri Apr  3 19:41:42 2026,8110,8.0
Fri Apr  3 19:41:42 2026,8118,8.0
Fri Apr  3 19:41:42 2026,8127,9.0
Fri Apr  3 19:41:43 2026,8134,7.0
Fri Apr  3 19:41:43 2026,8140,6.0
Fri Apr  3 19:41:43 2026,8146,6.0
Fri Apr  3 19:41:43 2026,8153,7.0
Fri Apr  3 19:41:43 2026,8160,7.0
Fri Apr  3 19:41:43 2026,8166,6.0
Fri Apr  3 19:41:43 2026,8175,9.0
Fri Apr  3 19:41:43 2026,8184,9.0
Fri Apr  3 19:41:43 2026,8192,8.0
Fri Apr  3 19:41:44 2026,8201,9.0
Fri Apr  3 19:41:44 2026,8210,9.0
Fri Apr  3 19:41:44 2026,8219,9.0
Fri Apr  3 19:41:44 2026,8228,9.0
Fri Apr  3 19:41:44 2026,8237,9.0
Fri Apr  3 19:41:44 2026,8246,9.0
Fri Apr  3 19:41:44 2026,8255,9.0
Fri Apr  3 19:41:44 2026,8264,9.0
Fri Apr  3 19:41:44 2026,8273,9.0
Fri Apr  3 19:41:45 2026,8282,9.0
Fri Apr  3 19:41:45 2026,8291,9.0
Fri Apr  3 19:41:45 2026,8300,9.0
Fri Apr  3 19:41:45 2026,8308,8.0
Fri Apr  3 19:41:45 2026,8316,8.0
Fri Apr  3 19:41:45 2026,8323,7.0
Fri Apr  3 19:41:45 2026,8330,7.0
Fri Apr  3 19:41:45 2026,8337,7.0
Fri Apr  3 19:41:45 2026,8344,7.0
Fri Apr  3 19:41:46 2026,8351,7.0
Fri Apr  3 19:41:46 2026,8358,7.0
Fri Apr  3 19:41:46 2026,8364,6.0
Fri Apr  3 19:41:46 2026,8371,7.0
Fri Apr  3 19:41:46 2026,8379,8.0
Fri Apr  3 19:41:46 2026,8387,8.0
Fri Apr  3 19:41:46 2026,8395,8.0
Fri Apr  3 19:41:46 2026,8403,8.0
Fri Apr  3 19:41:46 2026,8410,7.0
Fri Apr  3 19:41:47 2026,8417,7.0
Fri Apr  3 19:41:47 2026,8427,10.0
Fri Apr  3 19:41:47 2026,8436,9.0
Fri Apr  3 19:41:47 2026,8446,10.0
Fri Apr  3 19:41:47 2026,8455,9.0
Fri Apr  3 19:41:47 2026,8465,10.0
Fri Apr  3 19:41:47 2026,8474,9.0
Fri Apr  3 19:41:47 2026,8483,9.0
Fri Apr  3 19:41:47 2026,8492,9.0
Fri Apr  3 19:41:48 2026,8501,9.0
Fri Apr  3 19:41:48 2026,8510,9.0
Fri Apr  3 19:41:48 2026,8519,9.0
Fri Apr  3 19:41:48 2026,8528,9.0
Fri Apr  3 19:41:48 2026,8537,9.0
Fri Apr  3 19:41:48 2026,8546,9.0
Fri Apr  3 19:41:48 2026,8555,9.0
Fri Apr  3 19:41:48 2026,8564,9.0
Fri Apr  3 19:41:48 2026,8573,9.0
Fri Apr  3 19:41:49 2026,8582,9.0
Fri Apr  3 19:41:49 2026,8591,9.0
Fri Apr  3 19:41:49 2026,8600,9.0
Fri Apr  3 19:41:49 2026,8609,9.0
Fri Apr  3 19:41:49 2026,8618,9.0
Fri Apr  3 19:41:49 2026,8627,9.0
Fri Apr  3 19:41:49 2026,8636,9.0
Fri Apr  3 19:41:49 2026,8645,9.0
Fri Apr  3 19:41:49 2026,8654,9.0
Fri Apr  3 19:41:50 2026,8662,8.0
Fri Apr  3 19:41:50 2026,8670,8.0
Fri Apr  3 19:41:50 2026,8679,9.0
Fri Apr  3 19:41:50 2026,8687,8.0
Fri Apr  3 19:41:50 2026,8697,10.0
Fri Apr  3 19:41:50 2026,8706,9.0
Fri Apr  3 19:41:50 2026,8715,9.0
Fri Apr  3 19:41:50 2026,8725,10.0
Fri Apr  3 19:41:50 2026,8735,10.0
Fri Apr  3 19:41:51 2026,8745,10.0
Fri Apr  3 19:41:51 2026,8755,10.0
Fri Apr  3 19:41:51 2026,8764,9.0
Fri Apr  3 19:41:51 2026,8773,9.0
Fri Apr  3 19:41:51 2026,8780,7.0
Fri Apr  3 19:41:51 2026,8787,7.0
Fri Apr  3 19:41:51 2026,8795,8.0
Fri Apr  3 19:41:51 2026,8802,7.0
Fri Apr  3 19:41:51 2026,8810,8.0
Fri Apr  3 19:41:52 2026,8818,8.0
Fri Apr  3 19:41:52 2026,8826,8.0
Fri Apr  3 19:41:52 2026,8834,8.0
Fri Apr  3 19:41:52 2026,8842,8.0
Fri Apr  3 19:41:52 2026,8850,8.0
Fri Apr  3 19:41:52 2026,8858,8.0
Fri Apr  3 19:41:52 2026,8865,7.0
Fri Apr  3 19:41:52 2026,8873,8.0
Fri Apr  3 19:41:52 2026,8880,7.0
Fri Apr  3 19:41:53 2026,8887,7.0
Fri Apr  3 19:41:53 2026,8894,7.0
Fri Apr  3 19:41:53 2026,8901,7.0
Fri Apr  3 19:41:53 2026,8910,9.0
Fri Apr  3 19:41:53 2026,8917,7.0
Fri Apr  3 19:41:53 2026,8925,8.0
Fri Apr  3 19:41:53 2026,8933,8.0
Fri Apr  3 19:41:53 2026,8940,7.0
Fri Apr  3 19:41:53 2026,8947,7.0
Fri Apr  3 19:41:54 2026,8954,7.0
Fri Apr  3 19:41:54 2026,8961,7.0
Fri Apr  3 19:41:54 2026,8968,7.0
Fri Apr  3 19:41:54 2026,8976,8.0
Fri Apr  3 19:41:54 2026,8984,8.0
Fri Apr  3 19:41:54 2026,8992,8.0
Fri Apr  3 19:41:54 2026,9000,8.0
Fri Apr  3 19:41:54 2026,9008,8.0
Fri Apr  3 19:41:54 2026,9016,8.0
Fri Apr  3 19:41:55 2026,9024,8.0
Fri Apr  3 19:41:55 2026,9032,8.0
Fri Apr  3 19:41:55 2026,9040,8.0
Fri Apr  3 19:41:55 2026,9048,8.0
Fri Apr  3 19:41:55 2026,9056,8.0
Fri Apr  3 19:41:55 2026,9064,8.0
Fri Apr  3 19:41:55 2026,9072,8.0
Fri Apr  3 19:41:55 2026,9080,8.0
Fri Apr  3 19:41:55 2026,9088,8.0
Fri Apr  3 19:41:56 2026,9096,8.0
Fri Apr  3 19:41:56 2026,9104,8.0
Fri Apr  3 19:41:56 2026,9112,8.0
Fri Apr  3 19:41:56 2026,9119,7.0
Fri Apr  3 19:41:56 2026,9126,7.0
Fri Apr  3 19:41:56 2026,9133,7.0
Fri Apr  3 19:41:56 2026,9140,7.0
Fri Apr  3 19:41:56 2026,9147,7.0
Fri Apr  3 19:41:56 2026,9155,8.0
Fri Apr  3 19:41:57 2026,9164,9.0
Fri Apr  3 19:41:57 2026,9170,6.0
Fri Apr  3 19:41:57 2026,9178,8.0
Fri Apr  3 19:41:57 2026,9187,9.0
Fri Apr  3 19:41:57 2026,9195,8.0
Fri Apr  3 19:41:57 2026,9202,7.0
Fri Apr  3 19:41:57 2026,9209,7.0
Fri Apr  3 19:41:57 2026,9217,8.0
Fri Apr  3 19:41:57 2026,9226,9.0
Fri Apr  3 19:41:58 2026,9235,9.0
Fri Apr  3 19:41:58 2026,9244,9.0
Fri Apr  3 19:41:58 2026,9253,9.0
Fri Apr  3 19:41:58 2026,9262,9.0
Fri Apr  3 19:41:58 2026,9271,9.0
Fri Apr  3 19:41:58 2026,9279,8.0
Fri Apr  3 19:41:58 2026,9287,8.0
Fri Apr  3 19:41:58 2026,9296,9.0
Fri Apr  3 19:41:58 2026,9305,9.0
Fri Apr  3 19:41:59 2026,9314,9.0
Fri Apr  3 19:41:59 2026,9323,9.0
Fri Apr  3 19:41:59 2026,9330,7.0
Fri Apr  3 19:41:59 2026,9338,8.0
Fri Apr  3 19:41:59 2026,9345,7.0
Fri Apr  3 19:41:59 2026,9352,7.0
Fri Apr  3 19:41:59 2026,9359,7.0
Fri Apr  3 19:41:59 2026,9366,7.0
Fri Apr  3 19:41:59 2026,9373,7.0
Fri Apr  3 19:42:00 2026,9381,8.0
Fri Apr  3 19:42:00 2026,9389,8.0
Fri Apr  3 19:42:00 2026,9397,8.0
Fri Apr  3 19:42:00 2026,9405,8.0
Fri Apr  3 19:42:00 2026,9413,8.0
Fri Apr  3 19:42:00 2026,9421,8.0
Fri Apr  3 19:42:00 2026,9429,8.0
Fri Apr  3 19:42:00 2026,9436,7.0
Fri Apr  3 19:42:00 2026,9443,7.0
Fri Apr  3 19:42:01 2026,9450,7.0
Fri Apr  3 19:42:01 2026,9457,7.0
Fri Apr  3 19:42:01 2026,9464,7.0
Fri Apr  3 19:42:01 2026,9471,7.0
Fri Apr  3 19:42:01 2026,9478,7.0
Fri Apr  3 19:42:01 2026,9485,7.0
Fri Apr  3 19:42:01 2026,9492,7.0
Fri Apr  3 19:42:01 2026,9498,6.0
Fri Apr  3 19:42:01 2026,9505,7.0
Fri Apr  3 19:42:02 2026,9511,6.0
Fri Apr  3 19:42:02 2026,9518,7.0
Fri Apr  3 19:42:02 2026,9524,6.0
Fri Apr  3 19:42:02 2026,9530,6.0
Fri Apr  3 19:42:02 2026,9538,8.0
Fri Apr  3 19:42:02 2026,9546,8.0
Fri Apr  3 19:42:02 2026,9553,7.0
Fri Apr  3 19:42:02 2026,9560,7.0
Fri Apr  3 19:42:02 2026,9567,7.0
Fri Apr  3 19:42:03 2026,9574,7.0
Fri Apr  3 19:42:03 2026,9580,6.0
Fri Apr  3 19:42:03 2026,9587,7.0
Fri Apr  3 19:42:03 2026,9595,8.0
Fri Apr  3 19:42:03 2026,9603,8.0
Fri Apr  3 19:42:03 2026,9611,8.0
Fri Apr  3 19:42:03 2026,9618,7.0
Fri Apr  3 19:42:03 2026,9625,7.0
Fri Apr  3 19:42:03 2026,9631,6.0
Fri Apr  3 19:42:04 2026,9637,6.0
Fri Apr  3 19:42:04 2026,9644,7.0
Fri Apr  3 19:42:04 2026,9651,7.0
Fri Apr  3 19:42:04 2026,9658,7.0
Fri Apr  3 19:42:04 2026,9663,5.0
Fri Apr  3 19:42:04 2026,9669,6.0
Fri Apr  3 19:42:04 2026,9676,7.0
Fri Apr  3 19:42:04 2026,9682,6.0
Fri Apr  3 19:42:04 2026,9689,7.0
Fri Apr  3 19:42:05 2026,9697,8.0
Fri Apr  3 19:42:05 2026,9704,7.0
Fri Apr  3 19:42:05 2026,9712,8.0
Fri Apr  3 19:42:05 2026,9720,8.0
Fri Apr  3 19:42:05 2026,9728,8.0
Fri Apr  3 19:42:05 2026,9736,8.0
Fri Apr  3 19:42:05 2026,9744,8.0
Fri Apr  3 19:42:05 2026,9752,8.0
Fri Apr  3 19:42:05 2026,9761,9.0
Fri Apr  3 19:42:06 2026,9770,9.0
Fri Apr  3 19:42:06 2026,9779,9.0
Fri Apr  3 19:42:06 2026,9787,8.0
Fri Apr  3 19:42:06 2026,9795,8.0
Fri Apr  3 19:42:06 2026,9803,8.0
Fri Apr  3 19:42:06 2026,9811,8.0
Fri Apr  3 19:42:06 2026,9819,8.0
Fri Apr  3 19:42:06 2026,9827,8.0
Fri Apr  3 19:42:06 2026,9835,8.0
Fri Apr  3 19:42:07 2026,9842,7.0
Fri Apr  3 19:42:07 2026,9848,6.0
Fri Apr  3 19:42:07 2026,9855,7.0
Fri Apr  3 19:42:07 2026,9862,7.0
Fri Apr  3 19:42:07 2026,9869,7.0
Fri Apr  3 19:42:07 2026,9876,7.0
Fri Apr  3 19:42:07 2026,9883,7.0
Fri Apr  3 19:42:07 2026,9890,7.0
Fri Apr  3 19:42:07 2026,9897,7.0
Fri Apr  3 19:42:08 2026,9904,7.0
Fri Apr  3 19:42:08 2026,9911,7.0
Fri Apr  3 19:42:08 2026,9918,7.0
Fri Apr  3 19:42:08 2026,9925,7.0
Fri Apr  3 19:42:08 2026,9932,7.0
Fri Apr  3 19:42:08 2026,9939,7.0
Fri Apr  3 19:42:08 2026,9946,7.0
Fri Apr  3 19:42:08 2026,9953,7.0
Fri Apr  3 19:42:08 2026,9960,7.0
Fri Apr  3 19:42:09 2026,9967,7.0
Fri Apr  3 19:42:09 2026,9973,6.0
Fri Apr  3 19:42:09 2026,9981,8.0
Fri Apr  3 19:42:09 2026,9988,7.0
Fri Apr  3 19:42:09 2026,9996,8.0
Fri Apr  3 19:42:09 2026,10003,7.0
Fri Apr  3 19:42:09 2026,10010,7.0
Fri Apr  3 19:42:09 2026,10017,7.0
Fri Apr  3 19:42:09 2026,10024,7.0
Fri Apr  3 19:42:10 2026,10031,7.0
Fri Apr  3 19:42:10 2026,10039,8.0
Fri Apr  3 19:42:10 2026,10047,8.0
Fri Apr  3 19:42:10 2026,10055,8.0
Fri Apr  3 19:42:10 2026,10062,7.0
Fri Apr  3 19:42:10 2026,10069,7.0
Fri Apr  3 19:42:10 2026,10076,7.0
Fri Apr  3 19:42:10 2026,10084,8.0
Fri Apr  3 19:42:10 2026,10091,7.0
Fri Apr  3 19:42:11 2026,10098,7.0
Fri Apr  3 19:42:11 2026,10105,7.0
Fri Apr  3 19:42:11 2026,10111,6.0
Fri Apr  3 19:42:11 2026,10117,6.0
Fri Apr  3 19:42:11 2026,10123,6.0
Fri Apr  3 19:42:11 2026,10129,6.0
Fri Apr  3 19:42:11 2026,10135,6.0
Fri Apr  3 19:42:11 2026,10141,6.0
Fri Apr  3 19:42:11 2026,10147,6.0
Fri Apr  3 19:42:12 2026,10153,6.0
Fri Apr  3 19:42:12 2026,10159,6.0
Fri Apr  3 19:42:12 2026,10165,6.0
Fri Apr  3 19:42:12 2026,10171,6.0
Fri Apr  3 19:42:12 2026,10178,7.0
Fri Apr  3 19:42:12 2026,10185,7.0
Fri Apr  3 19:42:12 2026,10191,6.0
Fri Apr  3 19:42:12 2026,10198,7.0
Fri Apr  3 19:42:12 2026,10206,8.0
Fri Apr  3 19:42:13 2026,10213,7.0
Fri Apr  3 19:42:13 2026,10219,6.0
Fri Apr  3 19:42:13 2026,10226,7.0
Fri Apr  3 19:42:13 2026,10232,6.0
Fri Apr  3 19:42:13 2026,10238,6.0
Fri Apr  3 19:42:13 2026,10244,6.0
Fri Apr  3 19:42:13 2026,10250,6.0
Fri Apr  3 19:42:13 2026,10256,6.0
Fri Apr  3 19:42:13 2026,10262,6.0
Fri Apr  3 19:42:14 2026,10268,6.0
Fri Apr  3 19:42:14 2026,10275,7.0
Fri Apr  3 19:42:14 2026,10281,6.0
Fri Apr  3 19:42:14 2026,10288,7.0
Fri Apr  3 19:42:14 2026,10295,7.0
Fri Apr  3 19:42:14 2026,10302,7.0
Fri Apr  3 19:42:14 2026,10309,7.0
Fri Apr  3 19:42:14 2026,10315,6.0
Fri Apr  3 19:42:14 2026,10321,6.0
Fri Apr  3 19:42:15 2026,10327,6.0
Fri Apr  3 19:42:15 2026,10333,6.0
Fri Apr  3 19:42:15 2026,10340,7.0
Fri Apr  3 19:42:15 2026,10346,6.0
Fri Apr  3 19:42:15 2026,10353,7.0
Fri Apr  3 19:42:15 2026,10359,6.0
Fri Apr  3 19:42:15 2026,10365,6.0
Fri Apr  3 19:42:15 2026,10370,5.0
Fri Apr  3 19:42:15 2026,10375,5.0
Fri Apr  3 19:42:16 2026,10380,5.0
Fri Apr  3 19:42:16 2026,10385,5.0
Fri Apr  3 19:42:16 2026,10391,6.0
Fri Apr  3 19:42:16 2026,10396,5.0
Fri Apr  3 19:42:16 2026,10401,5.0
Fri Apr  3 19:42:16 2026,10407,6.0
Fri Apr  3 19:42:16 2026,10413,6.0
Fri Apr  3 19:42:16 2026,10419,6.0
Fri Apr  3 19:42:16 2026,10425,6.0
Fri Apr  3 19:42:17 2026,10430,5.0
Fri Apr  3 19:42:17 2026,10435,5.0
Fri Apr  3 19:42:17 2026,10440,5.0
Fri Apr  3 19:42:17 2026,10445,5.0
Fri Apr  3 19:42:17 2026,10450,5.0
Fri Apr  3 19:42:17 2026,10455,5.0
Fri Apr  3 19:42:17 2026,10460,5.0
Fri Apr  3 19:42:17 2026,10465,5.0
Fri Apr  3 19:42:17 2026,10471,6.0
Fri Apr  3 19:42:18 2026,10476,5.0
Fri Apr  3 19:42:18 2026,10480,4.0
